,loss,val_loss
0,576.8491800138265,591.0480741613052
1,558.1699656873647,570.7011814491422
2,551.3546444732364,570.7010617723652
3,548.2021973864867,570.7010617723652
4,544.8972672566329,570.7010617723652
